Url,Title,Description,Offer minimal price,Currency,Image url 1,Image url 2,Image url 3,Image url 4,Image url 5
https://ru.mustang-jeans.com/,MUSTANG — официальный магазин в России,"Каталог MUSTANG: одежда, обувь, аксессуары. Размерный ряд от XS до XXL.",,,,,,,
https://ru.mustang-jeans.com/men/,MUSTANG мужская одежда: официальный сайт,"Каталог одежды, обуви и аксессуаров MUSTANG для мужчин. Доставка по России.",,,,,,,
https://ru.mustang-jeans.com/women/,MUSTANG женская одежда: официальный сайт,"Каталог одежды, обуви и аксессуаров MUSTANG для женщин. Доставка по России.",,,,,,,
https://ru.mustang-jeans.com/sale/,Акция в MUSTANG: скидки до 30% с 9 по 18 октября,2 вещи - скидка 20%, 3 вещи - 30%. Бесплатная доставка. С 9 по 18 октября.,,,,,,,
https://ru.mustang-jeans.com/new/,Свежее поступление MUSTANG — лови первым,Самые ожидаемые модели весны-лета 2026 уже в наличии. Лови свой размер.,,,,,,,
https://ru.mustang-jeans.com/catalog/jeans/productcat_men/,Мужские джинсы MUSTANG: официальный сайт,Немецкое качество. Скидка 10% на первый заказ за подписку на рассылку,,,,,,,
https://ru.mustang-jeans.com/catalog/clothes/coats-and-jackets/productcat_men/,Мужские куртки MUSTANG. Оригинал от производителя,"Верхняя одежда немецкого бренда: куртки, жилеты. Быстрая доставка по России.",,,,,,,
https://ru.mustang-jeans.com/catalog/clothes/shirts/productcat_men/,Мужские рубашки MUSTANG. Официальный сайт,Рубашки MUSTANG для мужчин на каждый день. Актуальные фасоны и заказ на сайте.,,,,,,,
https://ru.mustang-jeans.com/catalog/shoes-and-accessories/productcat_men/,Мужская обувь и аксессуары MUSTANG. Официальный сайт,"Кеды, кроссовки и аксессуары MUSTANG для мужчин. Выбор моделей онлайн.",,,,,,,
https://ru.mustang-jeans.com/catalog/jeans/productcat_women/,Женские джинсы MUSTANG на официальном сайте,Широкий выбор фасонов и посадок. Актуальные модели. Быстрая доставка по России,,,,,,,
https://ru.mustang-jeans.com/catalog/shoes-and-accessories/productcat_women/,Женская обувь и аксессуары MUSTANG. Официальный сайт,Немецкое качество. Скидка 10% на первый заказ за подписку на рассылку,,,,,,,
https://ru.mustang-jeans.com/catalog/clothes/coats-and-jackets/productcat_women/,"Женские куртки MUSTANG: кожа, деним. Продуманный крой",Куртки с безупречной посадкой от немецкого бренда. Быстрая доставка по России.,,,,,,,
https://ru.mustang-jeans.com/catalog/jeans/,Джинсы MUSTANG: официальный сайт,"Джинсы MUSTANG всех размеров и посадок. Каталог, цены, доставка по России.",,,,,,,
https://ru.mustang-jeans.com/catalog/clothes/t-shirts/,Футболки MUSTANG. Оригинал от производителя,Хлопковые футболки MUSTANG. Немецкое качество. Быстрая доставка по России.,,,,,,,
https://ru.mustang-jeans.com/catalog/clothes/sweaters-and-hoodies/productcat_men/,Мужские свитеры и толстовки MUSTANG. Официальный сайт,"Свитеры, худи, толстовки и кардиганы MUSTANG для мужчин. Каталог на сайте.",,,,,,,
https://ru.mustang-jeans.com/catalog/clothes/sweaters-and-hoodies/productcat_women/,Женские свитеры и толстовки MUSTANG. Официальный сайт,"Свитеры, худи, толстовки и кардиганы MUSTANG для женщин. Каталог на сайте.",,,,,,,
https://ru.mustang-jeans.com/catalog/clothes/dresses-and-skirts/productcat_women/,Женские платья и юбки MUSTANG. Официальный сайт,"Платья и юбки MUSTANG, в т.ч. джинсовые. Новая коллекция на сайте.",,,,,,,
https://ru.mustang-jeans.com/catalog/clothes/blouses/productcat_women/,Женские блузки MUSTANG. Официальный сайт,Блузки MUSTANG для женщин. Каталог на сайте.,,,,,,,
https://ru.mustang-jeans.com/catalog/shoes-and-accessories/belts/productcat_men/,Мужские ремни MUSTANG. Оригинал от производителя,"Ремни MUSTANG для мужчин. Официальный сайт, каталог и цены.",,,,,,,
https://ru.mustang-jeans.com/catalog/shoes-and-accessories/belts/productcat_women/,Женские ремни MUSTANG. Оригинал от производителя,"Ремни MUSTANG для женщин. Официальный сайт, каталог и цены.",,,,,,,
https://ru.mustang-jeans.com/catalog/clothes/trousers/productcat_men/,Мужские брюки MUSTANG на официальном сайте,"Брюки MUSTANG для мужчин. Каталог, цены, доставка по России.",,,,,,,
https://ru.mustang-jeans.com/catalog/clothes/shorts/productcat_men/,Мужские шорты MUSTANG на официальном сайте,"Шорты MUSTANG для мужчин. Каталог, цены, доставка по России.",,,,,,,
https://ru.mustang-jeans.com/catalog/clothes/polo/productcat_men/,Мужское поло MUSTANG на официальном сайте,"Поло MUSTANG для мужчин. Каталог, цены, доставка по России.",,,,,,,
https://ru.mustang-jeans.com/catalog/jeans/#,"Джинсы MUSTANG: Denver, Michigan, Oregon и другие","Джинсы MUSTANG: Denver, Oregon, Michigan, Washington, Toledo и др. Каталог на сайте.",,,,,,,
